{"columns": [{"tableColumnId": 7151676, "name": "OBJECTID", "dataTypeName": "number", "id": 40553772, "cachedContents": {"null": "0", "not_null": "38613", "average": "19307", "non_null": 38613, "largest": "38613", "smallest": "1", "sum": "745501191", "top": [{"item": "21424", "count": "1"}, {"item": "38355", "count": "1"}, {"item": "33597", "count": "1"}, {"item": "6131", "count": "1"}, {"item": "27832", "count": "1"}, {"item": "30243", "count": "1"}, {"item": "22222", "count": "1"}, {"item": "25181", "count": "1"}, {"item": "28368", "count": "1"}, {"item": "33035", "count": "1"}, {"item": "9359", "count": "1"}, {"item": "23560", "count": "1"}, {"item": "9160", "count": "1"}, {"item": "20848", "count": "1"}, {"item": "33999", "count": "1"}, {"item": "34949", "count": "1"}, {"item": "32595", "count": "1"}, {"item": "27230", "count": "1"}, {"item": "32688", "count": "1"}, {"item": "36606", "count": "1"}], "cardinality": "38613"}, "fieldName": "objectid", "format": {}, "width": 196, "position": 1, "renderTypeName": "number"}, {"tableColumnId": 7151677, "name": "WELLWIDTH", "dataTypeName": "number", "id": 40553773, "cachedContents": {"null": "5", "not_null": "38608", "average": "1.337922192291753", "non_null": 38608, "largest": "35", "smallest": "0", "sum": "51654.50", "top": [{"item": "0", "count": "22073"}, {"item": "3", "count": "5589"}, {"item": "2", "count": "4563"}, {"item": "4", "count": "3497"}, {"item": "5", "count": "988"}, {"item": "2.5", "count": "547"}, {"item": "6", "count": "470"}, {"item": "1", "count": "436"}, {"item": "3.5", "count": "207"}, {"item": "4.5", "count": "65"}, {"item": "1.5", "count": "47"}, {"item": "8", "count": "45"}, {"item": "7", "count": "29"}, {"item": "9", "count": "17"}, {"item": "5.5", "count": "17"}, {"item": "12", "count": "5"}, {"item": "10", "count": "5"}, {"item": "33", "count": "3"}, {"item": "11", "count": "2"}, {"item": "35", "count": "1"}], "cardinality": "22"}, "fieldName": "wellwidth", "format": {}, "width": 208, "position": 2, "renderTypeName": "number"}, {"tableColumnId": 7151678, "name": "WELLLENGTH", "dataTypeName": "number", "id": 40553774, "cachedContents": {"null": "5", "not_null": "38608", "average": "1.943910588479072", "non_null": 38608, "largest": "87", "smallest": "0", "sum": "75050.50", "top": [{"item": "0", "count": "22081"}, {"item": "3", "count": "4759"}, {"item": "4", "count": "2966"}, {"item": "6", "count": "2391"}, {"item": "2", "count": "1816"}, {"item": "5", "count": "1778"}, {"item": "8", "count": "739"}, {"item": "9", "count": "544"}, {"item": "7", "count": "356"}, {"item": "2.5", "count": "248"}, {"item": "1", "count": "244"}, {"item": "10", "count": "165"}, {"item": "12", "count": "150"}, {"item": "3.5", "count": "87"}, {"item": "4.5", "count": "45"}, {"item": "5.5", "count": "36"}, {"item": "11", "count": "25"}, {"item": "15", "count": "20"}, {"item": "13", "count": "20"}, {"item": "1.5", "count": "18"}], "cardinality": "57"}, "fieldName": "welllength", "format": {}, "width": 220, "position": 3, "renderTypeName": "number"}, {"tableColumnId": 7151679, "name": "PAREAWIDTH", "dataTypeName": "number", "id": 40553775, "cachedContents": {"null": "5", "not_null": "38608", "average": "2.291027766266059", "non_null": 38608, "largest": "110", "smallest": "0", "sum": "88452.00", "top": [{"item": "0", "count": "17286"}, {"item": "3", "count": "5704"}, {"item": "4", "count": "4285"}, {"item": "2", "count": "2675"}, {"item": "5", "count": "2323"}, {"item": "6", "count": "2261"}, {"item": "2.5", "count": "992"}, {"item": "3.5", "count": "668"}, {"item": "5.50", "count": "642"}, {"item": "7", "count": "335"}, {"item": "8", "count": "289"}, {"item": "10", "count": "255"}, {"item": "1", "count": "155"}, {"item": "4.5", "count": "147"}, {"item": "7.50", "count": "87"}, {"item": "1.5", "count": "83"}, {"item": "11", "count": "80"}, {"item": "12", "count": "64"}, {"item": "20", "count": "52"}, {"item": "9", "count": "49"}], "cardinality": "42"}, "fieldName": "pareawidth", "format": {}, "width": 220, "position": 4, "renderTypeName": "number"}, {"tableColumnId": 7151680, "name": "LOWWELL", "dataTypeName": "text", "id": 40553776, "cachedContents": {"null": "5", "not_null": "38608", "non_null": 38608, "largest": "None", "smallest": "High", "top": [{"item": "None", "count": "29489"}, {"item": "Low", "count": "5995"}, {"item": "Moderate", "count": "2328"}, {"item": "High", "count": "796"}], "cardinality": "4"}, "fieldName": "lowwell", "format": {}, "width": 184, "position": 5, "renderTypeName": "text"}, {"tableColumnId": 7151681, "name": "SPECIES", "dataTypeName": "text", "id": 40553777, "cachedContents": {"null": "5", "not_null": "38608", "non_null": 38608, "largest": "Zelkova serrata", "smallest": "Abies sp", "top": [{"item": "Platanus acerifolia", "count": "3788"}, {"item": "Liquidambar styraciflua", "count": "3312"}, {"item": "Pyrus calleryana cvs", "count": "2683"}, {"item": "Prunus cerasifera/blireiana", "count": "2048"}, {"item": "Lagerstroemia indica", "count": "1953"}, {"item": "Pyrus kawakami", "count": "1427"}, {"item": "Magnolia grandiflora", "count": "1375"}, {"item": "Fraxinus o. `Raywood'", "count": "1327"}, {"item": "Pistacia chinensis", "count": "1150"}, {"item": "Unknown", "count": "1123"}, {"item": "Acer sp", "count": "971"}, {"item": "Prunus sp", "count": "882"}, {"item": "Fraxinus sp", "count": "824"}, {"item": "Other", "count": "763"}, {"item": "Lophostemon confertus", "count": "632"}, {"item": "Ginkgo biloba", "count": "576"}, {"item": "Celtis sp", "count": "567"}, {"item": "Shrub", "count": "565"}, {"item": "Crataegus phaenopyrum", "count": "549"}, {"item": "Cinnamomum camphora", "count": "522"}], "cardinality": "196"}, "fieldName": "species", "format": {}, "width": 184, "position": 6, "renderTypeName": "text"}, {"tableColumnId": 7151682, "name": "STNAME", "dataTypeName": "location", "id": 40553778, "fieldName": "stname", "format": {}, "width": 172, "position": 7, "renderTypeName": "location"}, {"tableColumnId": 7151683, "name": "Location 1", "dataTypeName": "location", "id": 40553779, "fieldName": "location_1", "format": {}, "width": 220, "position": 12, "renderTypeName": "location"}], "rowsUpdatedBy": "rwck-id6a", "publicationDate": 1358901049, "query": {}, "flags": ["default", "restorable", "restorePossibleForType"], "totalTimesRated": 0, "attribution": "City of Oakland Public Works Agency", "viewType": "tabular", "name": "Oakland Street Trees", "hideFromDataJson": false, "numberOfComments": 0, "createdAt": 1358885493, "metadata": {"availableDisplayTypes": ["table", "fatrow", "page"], "renderTypeConfig": {"visible": {"table": true}}}, "oid": 2309252, "provenance": "official", "publicationAppendEnabled": false, "viewLastModified": 1426521840, "viewCount": 8343, "id": "4jcx-enxf", "displayType": "table", "indexUpdatedAt": 1414647713, "tableId": 629766, "rowsUpdatedAt": 1358887821, "grants": [{"type": "viewer", "inherited": false, "flags": ["public"]}], "tableAuthor": {"type": "interactive", "screenName": "City of Oakland", "id": "6tru-24hn", "displayName": "City of Oakland", "profileImageUrlSmall": "/api/users/6tru-24hn/profile_images/TINY", "profileImageUrlLarge": "/api/users/6tru-24hn/profile_images/LARGE", "flags": ["mayBeStoriesCoOwner"], "profileImageUrlMedium": "/api/users/6tru-24hn/profile_images/THUMB", "userSegment": "site_member"}, "licenseId": "CC0_10", "license": {"name": "Creative Commons 1.0 Universal (Public Domain Dedication)", "termsLink": "http://creativecommons.org/publicdomain/zero/1.0/legalcode", "logoUrl": "images/licenses/ccZero.png"}, "downloadCount": 824, "owner": {"type": "interactive", "screenName": "City of Oakland", "id": "6tru-24hn", "displayName": "City of Oakland", "profileImageUrlSmall": "/api/users/6tru-24hn/profile_images/TINY", "profileImageUrlLarge": "/api/users/6tru-24hn/profile_images/LARGE", "flags": ["mayBeStoriesCoOwner"], "profileImageUrlMedium": "/api/users/6tru-24hn/profile_images/THUMB", "userSegment": "site_member"}, "newBackend": true, "hideFromCatalog": false, "category": "Environmental", "publicationStage": "published", "rights": ["read"], "publicationGroup": 629766, "approvals": [{"reviewedAt": 1358901049, "submitter": {"id": "6tru-24hn", "displayName": "City of Oakland"}, "state": "approved", "submissionId": 494836, "workflowId": 1504, "reviewedAutomatically": true, "submissionOutcome": "change_audience", "submissionObject": "public_audience_request", "submissionDetails": {"permissionType": "READ"}, "submissionOutcomeApplication": {"status": "success", "failureCount": 0}, "submittedAt": 1358901049}], "averageRating": 0}